SET SEARCH_PATH TO projet, public;

-- Insertion des utilisateurs
INSERT INTO utilisateur (nom, prenom, rue, norue, npa, lieu, datenaissance, nomutilisateur, motdepasse, statutcompte,
                         derniereconnexiondate, derniereconnexionheure)
VALUES ('Dupont', 'Jean',  'Rue de la Paix',    '10', '75000', 'Paris', '1985-01-01', 'jdupont', 'password123',   'ACTIF',   CURRENT_DATE, CURRENT_TIME),
       ('Durand', 'Marie', 'Avenue des Champs', '5',  '75001', 'Paris', '1990-02-15', 'mdurand', 'securePass456', 'ACTIF',   CURRENT_DATE, CURRENT_TIME),
       ('Smith',  'John',  'Rue des Fleurs',    '8',  '69000', 'Lyon',  '1978-11-25', 'jsmith',  'password789',   'INACTIF', NULL,         NULL        );

-- Insertion des groupes d'utilisateurs
INSERT INTO groupeutilisateurs (nom, datecreation, administrateur)
VALUES ('Administrateurs', CURRENT_DATE, 'jdupont'),
       ('Utilisateurs',    CURRENT_DATE, 'mdurand');

-- Insertion des appareils
INSERT INTO appareil (nom, ip, type, status)
VALUES ('Capteur Température',  '192.168.1.101', 'Capteur',    'ACTIF'),
       ('Capteur Température',  '192.168.1.103', 'Capteur',    'ACTIF'),
       ('Capteur Humidité',     '192.168.1.102', 'Capteur',    'ACTIF'),
       ('Contrôleur Principal', '192.168.1.1',   'Contrôleur', 'ACTIF'),
       ('Capteur Température',  '192.168.1.104', 'Capteur',    'ACTIF');


-- Insertion des access
INSERT INTO a_acces(groupe, ip)
VALUES ('Administrateurs', '192.168.1.101'),
       ('Administrateurs', '192.168.1.102'),
       ('Administrateurs', '192.168.1.103'),
       ('Administrateurs', '192.168.1.104'),
       ('Utilisateurs',    '192.168.1.101'),
       ('Utilisateurs',    '192.168.1.102'),
       ('Utilisateurs',    '192.168.1.103'),
       ('Utilisateurs',    '192.168.1.104');


-- Insertion des configurations
INSERT INTO configuration (id, seuilminwarning, seuilmaxwarning, seuilminalarme, seuilmaxalarme)
VALUES (1, 18.0, 25.0, 15.0, 30.0),
       (2, 30.0, 50.0, 20.0, 60.0),
       (3, 5.0,  35.0, 0.0,  40.0);

-- Insertion des séries
INSERT INTO serie (id, nom, config_id, appareil_ip)
VALUES (1, 'Température Salon',     1, '192.168.1.101'),
       (2, 'Humidité Bureau',       2, '192.168.1.102'),
       (3, 'Température extérieur', 3, '192.168.1.104'),
       (4, 'Température Chambre',   1, '192.168.1.103'),
       (5, 'Température Cuisine', 1, '192.168.1.101');
         

-- Insertion des groupes de capteurs
INSERT INTO groupecapteurs (id, nom, description)
VALUES (1, 'Capteurs Intérieurs', 'Capteurs situés à l’intérieur des bâtiments'),
       (2, 'Capteurs Extérieurs', 'Capteurs situés à l’extérieur des bâtiments');

-- Insertion des types de données
INSERT INTO typededonnees (nom, symboledonnees)
VALUES ('Température', '°C'),
       ('Humidité',    '%' );

-- Relation entre utilisateurs et groupes
INSERT INTO appartient_a (utilisateur, groupe)
VALUES ('jdupont', 'Administrateurs'),
       ('mdurand', 'Utilisateurs'   ),
       ('jsmith',  'Utilisateurs'   );

-- Relation entre appareils et groupes de capteurs
INSERT INTO est_compose_de (ip, groupe)
VALUES ('192.168.1.101', 1),
       ('192.168.1.102', 1),
       ('192.168.1.1',   2),
       ('192.168.1.103', 1),
       ('192.168.1.104', 2);

-- Relation entre séries et types de données
INSERT INTO fournit (serie_id, type)
VALUES (1, 'Température'),
       (2, 'Humidité'   ),
       (3, 'Température'),
       (4, 'Température'),
       (5, 'Température');

-- Insertion des alertes
INSERT INTO alerte (type, niveau, timestamp, serie_id)
VALUES ('Température Critique', 5, NOW(),                       1),
       ('Humidité Anormale',    3, NOW() + INTERVAL '1 second', 2);


-- Insertion des points de données
INSERT INTO pointdedonnees (valeurs, timestamp, serie_id)
VALUES (20.8, '2024-11-01 00:00:00', 1),
       (15.9, '2024-11-01 08:00:00', 1),
       (16.7, '2024-11-01 16:00:00', 1),
       (23.3, '2024-11-02 00:00:00', 1),
       (22.8, '2024-11-02 08:00:00', 1),
       (20.8, '2024-11-02 16:00:00', 1),
       (20.4, '2024-11-03 00:00:00', 1),
       (23.1, '2024-11-03 08:00:00', 1),
       (18.9, '2024-11-03 16:00:00', 1),
       (22.8, '2024-11-04 00:00:00', 1),
       (19.2, '2024-11-04 08:00:00', 1),
       (19.2, '2024-11-04 16:00:00', 1),
       (21.6, '2024-11-05 00:00:00', 1),
       (18.3, '2024-11-05 08:00:00', 1),
       (24.7, '2024-11-05 16:00:00', 1),
       (20.2, '2024-11-06 00:00:00', 1),
       (18.8, '2024-11-06 08:00:00', 1),
       (17.0, '2024-11-06 16:00:00', 1),
       (24.6, '2024-11-07 00:00:00', 1),
       (19.4, '2024-11-07 08:00:00', 1),
       (19.3, '2024-11-07 16:00:00', 1),
       (21.6, '2024-11-08 00:00:00', 1),
       (24.6, '2024-11-08 08:00:00', 1),
       (18.1, '2024-11-08 16:00:00', 1),
       (19.7, '2024-11-09 00:00:00', 1),
       (19.7, '2024-11-09 08:00:00', 1),
       (22.5, '2024-11-09 16:00:00', 1),
       (23.1, '2024-11-10 00:00:00', 1),
       (15.4, '2024-11-10 08:00:00', 1),
       (17.6, '2024-11-10 16:00:00', 1),
       (22.8, '2024-11-11 00:00:00', 1),
       (19.1, '2024-11-11 08:00:00', 1),
       (18.1, '2024-11-11 16:00:00', 1),
       (16.8, '2024-11-12 00:00:00', 1),
       (22.4, '2024-11-12 08:00:00', 1),
       (16.0, '2024-11-12 16:00:00', 1),
       (24.3, '2024-11-13 00:00:00', 1),
       (24.9, '2024-11-13 08:00:00', 1),
       (20.4, '2024-11-13 16:00:00', 1),
       (24.7, '2024-11-14 00:00:00', 1),
       (21.1, '2024-11-14 08:00:00', 1),
       (16.1, '2024-11-14 16:00:00', 1),
       (23.1, '2024-11-15 00:00:00', 1),
       (21.7, '2024-11-15 08:00:00', 1),
       (16.6, '2024-11-15 16:00:00', 1),
       (19.4, '2024-11-16 00:00:00', 1),
       (18.8, '2024-11-16 08:00:00', 1),
       (19.3, '2024-11-16 16:00:00', 1),
       (22.6, '2024-11-17 00:00:00', 1),
       (16.2, '2024-11-17 08:00:00', 1),
       (16.0, '2024-11-17 16:00:00', 1),
       (19.4, '2024-11-18 00:00:00', 1),
       (18.9, '2024-11-18 08:00:00', 1),
       (22.4, '2024-11-18 16:00:00', 1),
       (21.3, '2024-11-19 00:00:00', 1),
       (19.7, '2024-11-19 08:00:00', 1),
       (20.8, '2024-11-19 16:00:00', 1),
       (20.0, '2024-11-20 00:00:00', 1),
       (18.8, '2024-11-20 08:00:00', 1),
       (20.2, '2024-11-20 16:00:00', 1),
       (24.8, '2024-11-21 00:00:00', 1),
       (23.0, '2024-11-21 08:00:00', 1),
       (18.7, '2024-11-21 16:00:00', 1),
       (17.2, '2024-11-22 00:00:00', 1),
       (18.2, '2024-11-22 08:00:00', 1),
       (24.9, '2024-11-22 16:00:00', 1),
       (20.5, '2024-11-23 00:00:00', 1),
       (18.8, '2024-11-23 08:00:00', 1),
       (19.7, '2024-11-23 16:00:00', 1),
       (18.5, '2024-11-24 00:00:00', 1),
       (20.4, '2024-11-24 08:00:00', 1),
       (23.4, '2024-11-24 16:00:00', 1),
       (20.7, '2024-11-25 00:00:00', 1),
       (19.3, '2024-11-25 08:00:00', 1),
       (21.3, '2024-11-25 16:00:00', 1),
       (15.4, '2024-11-26 00:00:00', 1),
       (21.7, '2024-11-26 08:00:00', 1),
       (20.9, '2024-11-26 16:00:00', 1),
       (15.9, '2024-11-27 00:00:00', 1),
       (20.8, '2024-11-27 08:00:00', 1),
       (21.8, '2024-11-27 16:00:00', 1),
       (20.8, '2024-11-28 00:00:00', 1),
       (15.7, '2024-11-28 08:00:00', 1),
       (18.1, '2024-11-28 16:00:00', 1),
       (24.9, '2024-11-29 00:00:00', 1),
       (22.8, '2024-11-29 08:00:00', 1),
       (20.7, '2024-11-29 16:00:00', 1),
       (22.1, '2024-11-30 00:00:00', 1),
       (21.3, '2024-11-30 08:00:00', 1),
       (24.5, '2024-11-30 16:00:00', 1),
       (23.0, '2024-12-01 00:00:00', 1),
       (22.3, '2024-12-01 08:00:00', 1),
       (20.3, '2024-12-01 16:00:00', 1),
       (23.8, '2024-12-02 00:00:00', 1),
       (16.6, '2024-12-02 08:00:00', 1),
       (23.5, '2024-12-02 16:00:00', 1),
       (18.5, '2024-12-03 00:00:00', 1),
       (16.2, '2024-12-03 08:00:00', 1),
       (19.2, '2024-12-03 16:00:00', 1),
       (17.7, '2024-12-04 00:00:00', 1),
       (22.2, '2024-12-04 08:00:00', 1),
       (23.9, '2024-12-04 16:00:00', 1),
       (24.9, '2024-12-05 00:00:00', 1),
       (15.3, '2024-12-05 08:00:00', 1),
       (20.7, '2024-12-05 16:00:00', 1),
       (21.4, '2024-12-06 00:00:00', 1),
       (19.0, '2024-12-06 08:00:00', 1),
       (16.1, '2024-12-06 16:00:00', 1),
       (15.2, '2024-12-07 00:00:00', 1),
       (20.4, '2024-12-07 08:00:00', 1),
       (23.8, '2024-12-07 16:00:00', 1),
       (23.5, '2024-12-08 00:00:00', 1),
       (22.7, '2024-12-08 08:00:00', 1),
       (16.0, '2024-12-08 16:00:00', 1),
       (19.8, '2024-12-09 00:00:00', 1),
       (24.3, '2024-12-09 08:00:00', 1),
       (22.1, '2024-12-09 16:00:00', 1),
       (20.8, '2024-12-10 00:00:00', 1),
       (21.9, '2024-12-10 08:00:00', 1),
       (19.1, '2024-12-10 16:00:00', 1),
       (17.8, '2024-12-11 00:00:00', 1),
       (16.5, '2024-12-11 08:00:00', 1),
       (16.2, '2024-12-11 16:00:00', 1),
       (24.4, '2024-12-12 00:00:00', 1),
       (17.6, '2024-12-12 08:00:00', 1),
       (15.2, '2024-12-12 16:00:00', 1),
       (16.0, '2024-12-13 00:00:00', 1),
       (15.6, '2024-12-13 08:00:00', 1),
       (24.5, '2024-12-13 16:00:00', 1),
       (19.2, '2024-12-14 00:00:00', 1),
       (24.4, '2024-12-14 08:00:00', 1),
       (16.1, '2024-12-14 16:00:00', 1),
       (15.6, '2024-12-15 00:00:00', 1),
       (24.5, '2024-12-15 08:00:00', 1),
       (23.1, '2024-12-15 16:00:00', 1),
       (18.0, '2024-12-16 00:00:00', 1),
       (18.9, '2024-12-16 08:00:00', 1),
       (19.6, '2024-12-16 16:00:00', 1),
       (18.4, '2024-12-17 00:00:00', 1),
       (22.5, '2024-12-17 08:00:00', 1),
       (19.1, '2024-12-17 16:00:00', 1),
       (23.4, '2024-12-18 00:00:00', 1),
       (15.8, '2024-12-18 08:00:00', 1),
       (24.3, '2024-12-18 16:00:00', 1),
       (22.9, '2024-12-19 00:00:00', 1),
       (24.8, '2024-12-19 08:00:00', 1),
       (22.8, '2024-12-19 16:00:00', 1),
       (19.9, '2024-12-20 00:00:00', 1),
       (23.0, '2024-12-20 08:00:00', 1),
       (24.5, '2024-12-20 16:00:00', 1),
       (16.8, '2024-12-21 00:00:00', 1),
       (15.4, '2024-12-21 08:00:00', 1),
       (24.8, '2024-12-21 16:00:00', 1),
       (18.6, '2024-12-22 00:00:00', 1),
       (24.1, '2024-12-22 08:00:00', 1),
       (18.8, '2024-12-22 16:00:00', 1),
       (18.6, '2024-12-23 00:00:00', 1),
       (17.4, '2024-12-23 08:00:00', 1),
       (20.2, '2024-12-23 16:00:00', 1),
       (16.0, '2024-12-24 00:00:00', 1),
       (20.3, '2024-12-24 08:00:00', 1),
       (20.9, '2024-12-24 16:00:00', 1),
       (19.4, '2024-12-25 00:00:00', 1),
       (21.9, '2024-12-25 08:00:00', 1),
       (20.4, '2024-12-25 16:00:00', 1),
       (19.4, '2024-12-26 00:00:00', 1),
       (22.0, '2024-12-26 08:00:00', 1),
       (16.2, '2024-12-26 16:00:00', 1),
       (24.2, '2024-12-27 00:00:00', 1),
       (19.2, '2024-12-27 08:00:00', 1),
       (17.1, '2024-12-27 16:00:00', 1),
       (21.5, '2024-12-28 00:00:00', 1),
       (19.1, '2024-12-28 08:00:00', 1),
       (18.9, '2024-12-28 16:00:00', 1),
       (24.8, '2024-12-29 00:00:00', 1),
       (17.5, '2024-12-29 08:00:00', 1),
       (24.1, '2024-12-29 16:00:00', 1),
       (18.6, '2024-12-30 00:00:00', 1),
       (16.4, '2024-12-30 08:00:00', 1),
       (16.5, '2024-12-30 16:00:00', 1),
       (17.7, '2024-12-31 00:00:00', 1),

       (58.3, '2024-11-01 00:00:00', 2),
       (34.9, '2024-11-01 08:00:00', 2),
       (51.7, '2024-11-01 16:00:00', 2),
       (54.0, '2024-11-02 00:00:00', 2),
       (52.9, '2024-11-02 08:00:00', 2),
       (34.7, '2024-11-02 16:00:00', 2),
       (35.9, '2024-11-03 00:00:00', 2),
       (41.9, '2024-11-03 08:00:00', 2),
       (44.3, '2024-11-03 16:00:00', 2),
       (45.1, '2024-11-04 00:00:00', 2),
       (52.9, '2024-11-04 08:00:00', 2),
       (39.2, '2024-11-04 16:00:00', 2),
       (54.4, '2024-11-05 00:00:00', 2),
       (53.3, '2024-11-05 08:00:00', 2),
       (47.8, '2024-11-05 16:00:00', 2),
       (41.7, '2024-11-06 00:00:00', 2),
       (59.1, '2024-11-06 08:00:00', 2),
       (35.5, '2024-11-06 16:00:00', 2),
       (42.0, '2024-11-07 00:00:00', 2),
       (50.4, '2024-11-07 08:00:00', 2),
       (54.5, '2024-11-07 16:00:00', 2),
       (50.6, '2024-11-08 00:00:00', 2),
       (40.8, '2024-11-08 08:00:00', 2),
       (50.6, '2024-11-08 16:00:00', 2),
       (51.2, '2024-11-09 00:00:00', 2),
       (38.5, '2024-11-09 08:00:00', 2),
       (59.1, '2024-11-09 16:00:00', 2),
       (41.1, '2024-11-10 00:00:00', 2),
       (41.9, '2024-11-10 08:00:00', 2),
       (35.3, '2024-11-10 16:00:00', 2),
       (40.8, '2024-11-11 00:00:00', 2),
       (58.3, '2024-11-11 08:00:00', 2),
       (59.8, '2024-11-11 16:00:00', 2),
       (44.2, '2024-11-12 00:00:00', 2),
       (41.9, '2024-11-12 08:00:00', 2),
       (42.3, '2024-11-12 16:00:00', 2),
       (48.7, '2024-11-13 00:00:00', 2),
       (48.5, '2024-11-13 08:00:00', 2),
       (52.6, '2024-11-13 16:00:00', 2),
       (44.8, '2024-11-14 00:00:00', 2),
       (35.5, '2024-11-14 08:00:00', 2),
       (35.0, '2024-11-14 16:00:00', 2),
       (50.9, '2024-11-15 00:00:00', 2),
       (40.7, '2024-11-15 08:00:00', 2),
       (45.6, '2024-11-15 16:00:00', 2),
       (40.5, '2024-11-16 00:00:00', 2),
       (58.6, '2024-11-16 08:00:00', 2),
       (30.1, '2024-11-16 16:00:00', 2),
       (49.5, '2024-11-17 00:00:00', 2),
       (30.2, '2024-11-17 08:00:00', 2),
       (49.5, '2024-11-17 16:00:00', 2),
       (51.2, '2024-11-18 00:00:00', 2),
       (45.7, '2024-11-18 08:00:00', 2),
       (44.8, '2024-11-18 16:00:00', 2),
       (40.5, '2024-11-19 00:00:00', 2),
       (43.7, '2024-11-19 08:00:00', 2),
       (49.0, '2024-11-19 16:00:00', 2),
       (45.6, '2024-11-20 00:00:00', 2),
       (50.6, '2024-11-20 08:00:00', 2),
       (36.8, '2024-11-20 16:00:00', 2),
       (59.7, '2024-11-21 00:00:00', 2),
       (50.3, '2024-11-21 08:00:00', 2),
       (44.1, '2024-11-21 16:00:00', 2),
       (42.8, '2024-11-22 00:00:00', 2),
       (54.9, '2024-11-22 08:00:00', 2),
       (39.7, '2024-11-22 16:00:00', 2),
       (52.5, '2024-11-23 00:00:00', 2),
       (34.9, '2024-11-23 08:00:00', 2),
       (38.1, '2024-11-23 16:00:00', 2),
       (43.8, '2024-11-24 00:00:00', 2),
       (41.0, '2024-11-24 08:00:00', 2),
       (48.5, '2024-11-24 16:00:00', 2),
       (47.6, '2024-11-25 00:00:00', 2),
       (52.3, '2024-11-25 08:00:00', 2),
       (59.9, '2024-11-25 16:00:00', 2),
       (40.2, '2024-11-26 00:00:00', 2),
       (52.8, '2024-11-26 08:00:00', 2),
       (57.0, '2024-11-26 16:00:00', 2),
       (37.7, '2024-11-27 00:00:00', 2),
       (59.9, '2024-11-27 08:00:00', 2),
       (33.4, '2024-11-27 16:00:00', 2),
       (47.4, '2024-11-28 00:00:00', 2),
       (51.3, '2024-11-28 08:00:00', 2),
       (33.0, '2024-11-28 16:00:00', 2),
       (30.4, '2024-11-29 00:00:00', 2),
       (58.6, '2024-11-29 08:00:00', 2),
       (50.7, '2024-11-29 16:00:00', 2),
       (39.0, '2024-11-30 00:00:00', 2),
       (58.9, '2024-11-30 08:00:00', 2),
       (48.5, '2024-11-30 16:00:00', 2),
       (41.1, '2024-12-01 00:00:00', 2),
       (50.1, '2024-12-01 08:00:00', 2),
       (42.3, '2024-12-01 16:00:00', 2),
       (41.5, '2024-12-02 00:00:00', 2),
       (31.1, '2024-12-02 08:00:00', 2),
       (49.6, '2024-12-02 16:00:00', 2),
       (51.0, '2024-12-03 00:00:00', 2),
       (50.0, '2024-12-03 08:00:00', 2),
       (58.7, '2024-12-03 16:00:00', 2),
       (43.8, '2024-12-04 00:00:00', 2),
       (43.4, '2024-12-04 08:00:00', 2),
       (49.1, '2024-12-04 16:00:00', 2),
       (57.7, '2024-12-05 00:00:00', 2),
       (47.4, '2024-12-05 08:00:00', 2),
       (53.0, '2024-12-05 16:00:00', 2),
       (31.2, '2024-12-06 00:00:00', 2),
       (55.1, '2024-12-06 08:00:00', 2),
       (34.6, '2024-12-06 16:00:00', 2),
       (48.8, '2024-12-07 00:00:00', 2),
       (42.2, '2024-12-07 08:00:00', 2),
       (56.1, '2024-12-07 16:00:00', 2),
       (44.6, '2024-12-08 00:00:00', 2),
       (52.3, '2024-12-08 08:00:00', 2),
       (46.2, '2024-12-08 16:00:00', 2),
       (33.0, '2024-12-09 00:00:00', 2),
       (31.8, '2024-12-09 08:00:00', 2),
       (52.1, '2024-12-09 16:00:00', 2),
       (49.5, '2024-12-10 00:00:00', 2),
       (40.2, '2024-12-10 08:00:00', 2),
       (42.8, '2024-12-10 16:00:00', 2),
       (32.4, '2024-12-11 00:00:00', 2),
       (32.1, '2024-12-11 08:00:00', 2),
       (46.8, '2024-12-11 16:00:00', 2),
       (56.8, '2024-12-12 00:00:00', 2),
       (58.3, '2024-12-12 08:00:00', 2),
       (34.2, '2024-12-12 16:00:00', 2),
       (57.8, '2024-12-13 00:00:00', 2),
       (32.5, '2024-12-13 08:00:00', 2),
       (43.9, '2024-12-13 16:00:00', 2),
       (36.3, '2024-12-14 00:00:00', 2),
       (40.6, '2024-12-14 08:00:00', 2),
       (59.2, '2024-12-14 16:00:00', 2),
       (55.3, '2024-12-15 00:00:00', 2),
       (36.7, '2024-12-15 08:00:00', 2),
       (40.7, '2024-12-15 16:00:00', 2),
       (42.6, '2024-12-16 00:00:00', 2),
       (41.9, '2024-12-16 08:00:00', 2),
       (34.1, '2024-12-16 16:00:00', 2),
       (52.2, '2024-12-17 00:00:00', 2),
       (34.1, '2024-12-17 08:00:00', 2),
       (55.0, '2024-12-17 16:00:00', 2),
       (31.7, '2024-12-18 00:00:00', 2),
       (42.8, '2024-12-18 08:00:00', 2),
       (46.4, '2024-12-18 16:00:00', 2),
       (38.8, '2024-12-19 00:00:00', 2),
       (39.5, '2024-12-19 08:00:00', 2),
       (56.7, '2024-12-19 16:00:00', 2),
       (37.2, '2024-12-20 00:00:00', 2),
       (40.1, '2024-12-20 08:00:00', 2),
       (36.1, '2024-12-20 16:00:00', 2),
       (39.0, '2024-12-21 00:00:00', 2),
       (47.7, '2024-12-21 08:00:00', 2),
       (55.9, '2024-12-21 16:00:00', 2),
       (50.0, '2024-12-22 00:00:00', 2),
       (48.1, '2024-12-22 08:00:00', 2),
       (44.4, '2024-12-22 16:00:00', 2),
       (53.5, '2024-12-23 00:00:00', 2),
       (54.6, '2024-12-23 08:00:00', 2),
       (49.8, '2024-12-23 16:00:00', 2),
       (53.5, '2024-12-24 00:00:00', 2),
       (49.6, '2024-12-24 08:00:00', 2),
       (50.4, '2024-12-24 16:00:00', 2),
       (40.5, '2024-12-25 00:00:00', 2),
       (59.7, '2024-12-25 08:00:00', 2),
       (41.9, '2024-12-25 16:00:00', 2),
       (39.8, '2024-12-26 00:00:00', 2),
       (52.4, '2024-12-26 08:00:00', 2),
       (32.1, '2024-12-26 16:00:00', 2),
       (30.7, '2024-12-27 00:00:00', 2),
       (52.6, '2024-12-27 08:00:00', 2),
       (54.6, '2024-12-27 16:00:00', 2),
       (52.9, '2024-12-28 00:00:00', 2),
       (43.5, '2024-12-28 08:00:00', 2),
       (43.0, '2024-12-28 16:00:00', 2),
       (34.2, '2024-12-29 00:00:00', 2),
       (45.2, '2024-12-29 08:00:00', 2),
       (46.5, '2024-12-29 16:00:00', 2),
       (46.3, '2024-12-30 00:00:00', 2),
       (49.4, '2024-12-30 08:00:00', 2),
       (39.5, '2024-12-30 16:00:00', 2),
       (42.7, '2024-12-31 00:00:00', 2),

       (11.9, '2024-11-01 00:00:00', 3),
       (19.0, '2024-11-01 08:00:00', 3),
       (18.6, '2024-11-01 16:00:00', 3),
       (11.3, '2024-11-02 00:00:00', 3),
       (16.1, '2024-11-02 08:00:00', 3),
       (15.9, '2024-11-02 16:00:00', 3),
       (18.1, '2024-11-03 00:00:00', 3),
       (10.8, '2024-11-03 08:00:00', 3),
       (11.9, '2024-11-03 16:00:00', 3),
       (16.9, '2024-11-04 00:00:00', 3),
       (12.2, '2024-11-04 08:00:00', 3),
       (13.6, '2024-11-04 16:00:00', 3),
       (13.6, '2024-11-05 00:00:00', 3),
       (15.1, '2024-11-05 08:00:00', 3),
       (11.4, '2024-11-05 16:00:00', 3),
       (18.4, '2024-11-06 00:00:00', 3),
       (19.6, '2024-11-06 08:00:00', 3),
       (14.5, '2024-11-06 16:00:00', 3),
       (18.4, '2024-11-07 00:00:00', 3),
       (18.7, '2024-11-07 08:00:00', 3),
       (18.9, '2024-11-07 16:00:00', 3),
       (19.5, '2024-11-08 00:00:00', 3),
       (12.3, '2024-11-08 08:00:00', 3),
       (17.3, '2024-11-08 16:00:00', 3),
       (10.7, '2024-11-09 00:00:00', 3),
       (12.9, '2024-11-09 08:00:00', 3),
       (16.5, '2024-11-09 16:00:00', 3),
       (14.3, '2024-11-10 00:00:00', 3),
       (16.9, '2024-11-10 08:00:00', 3),
       (17.7, '2024-11-10 16:00:00', 3),
       (17.0, '2024-11-11 00:00:00', 3),
       (15.2, '2024-11-11 08:00:00', 3),
       (14.6, '2024-11-11 16:00:00', 3),
       (14.1, '2024-11-12 00:00:00', 3),
       (12.3, '2024-11-12 08:00:00', 3),
       (15.7, '2024-11-12 16:00:00', 3),
       (11.2, '2024-11-13 00:00:00', 3),
       (12.3, '2024-11-13 08:00:00', 3),
       (17.7, '2024-11-13 16:00:00', 3),
       (12.5, '2024-11-14 00:00:00', 3),
       (18.0, '2024-11-14 08:00:00', 3),
       (18.9, '2024-11-14 16:00:00', 3),
       (16.1, '2024-11-15 00:00:00', 3),
       (19.8, '2024-11-15 08:00:00', 3),
       (12.7, '2024-11-15 16:00:00', 3),
       (13.4, '2024-11-16 00:00:00', 3),
       (13.3, '2024-11-16 08:00:00', 3),
       (13.8, '2024-11-16 16:00:00', 3),
       (15.6, '2024-11-17 00:00:00', 3),
       (15.6, '2024-11-17 08:00:00', 3),
       (13.9, '2024-11-17 16:00:00', 3),
       (11.7, '2024-11-18 00:00:00', 3),
       (10.2, '2024-11-18 08:00:00', 3),
       (15.3, '2024-11-18 16:00:00', 3),
       (14.0, '2024-11-19 00:00:00', 3),
       (16.0, '2024-11-19 08:00:00', 3),
       (14.7, '2024-11-19 16:00:00', 3),
       (14.6, '2024-11-20 00:00:00', 3),
       (13.5, '2024-11-20 08:00:00', 3),
       (16.5, '2024-11-20 16:00:00', 3),
       (16.1, '2024-11-21 00:00:00', 3),
       (13.4, '2024-11-21 08:00:00', 3),
       (10.4, '2024-11-21 16:00:00', 3),
       (13.4, '2024-11-22 00:00:00', 3),
       (17.4, '2024-11-22 08:00:00', 3),
       (18.1, '2024-11-22 16:00:00', 3),
       (13.6, '2024-11-23 00:00:00', 3),
       (17.9, '2024-11-23 08:00:00', 3),
       (19.0, '2024-11-23 16:00:00', 3),
       (11.4, '2024-11-24 00:00:00', 3),
       (18.0, '2024-11-24 08:00:00', 3),
       (14.9, '2024-11-24 16:00:00', 3),
       (16.0, '2024-11-25 00:00:00', 3),
       (18.8, '2024-11-25 08:00:00', 3),
       (14.8, '2024-11-25 16:00:00', 3),
       (13.2, '2024-11-26 00:00:00', 3),
       (14.9, '2024-11-26 08:00:00', 3),
       (16.5, '2024-11-26 16:00:00', 3),
       (15.7, '2024-11-27 00:00:00', 3),
       (14.1, '2024-11-27 08:00:00', 3),
       (17.7, '2024-11-27 16:00:00', 3),
       (19.0, '2024-11-28 00:00:00', 3),
       (11.3, '2024-11-28 08:00:00', 3),
       (10.8, '2024-11-28 16:00:00', 3),
       (18.1, '2024-11-29 00:00:00', 3),
       (11.8, '2024-11-29 08:00:00', 3),
       (19.3, '2024-11-29 16:00:00', 3),
       (16.2, '2024-11-30 00:00:00', 3),
       (15.8, '2024-11-30 08:00:00', 3),
       (15.4, '2024-11-30 16:00:00', 3),
       (15.9, '2024-12-01 00:00:00', 3),
       (19.9, '2024-12-01 08:00:00', 3),
       (18.2, '2024-12-01 16:00:00', 3),
       (16.4, '2024-12-02 00:00:00', 3),
       (17.5, '2024-12-02 08:00:00', 3),
       (14.1, '2024-12-02 16:00:00', 3),
       (10.9, '2024-12-03 00:00:00', 3),
       (10.7, '2024-12-03 08:00:00', 3),
       (17.1, '2024-12-03 16:00:00', 3),
       (19.2, '2024-12-04 00:00:00', 3),
       (17.4, '2024-12-04 08:00:00', 3),
       (16.0, '2024-12-04 16:00:00', 3),
       (12.6, '2024-12-05 00:00:00', 3),
       (18.3, '2024-12-05 08:00:00', 3),
       (11.8, '2024-12-05 16:00:00', 3),
       (19.7, '2024-12-06 00:00:00', 3),
       (19.2, '2024-12-06 08:00:00', 3),
       (13.8, '2024-12-06 16:00:00', 3),
       (10.8, '2024-12-07 00:00:00', 3),
       (16.8, '2024-12-07 08:00:00', 3),
       (11.2, '2024-12-07 16:00:00', 3),
       (19.3, '2024-12-08 00:00:00', 3),
       (19.2, '2024-12-08 08:00:00', 3),
       (14.5, '2024-12-08 16:00:00', 3),
       (19.0, '2024-12-09 00:00:00', 3),
       (13.4, '2024-12-09 08:00:00', 3),
       (10.8, '2024-12-09 16:00:00', 3),
       (14.3, '2024-12-10 00:00:00', 3),
       (20.0, '2024-12-10 08:00:00', 3),
       (14.7, '2024-12-10 16:00:00', 3),
       (12.0, '2024-12-11 00:00:00', 3),
       (14.2, '2024-12-11 08:00:00', 3),
       (10.9, '2024-12-11 16:00:00', 3),
       (11.1, '2024-12-12 00:00:00', 3),
       (14.4, '2024-12-12 08:00:00', 3),
       (15.1, '2024-12-12 16:00:00', 3),
       (16.2, '2024-12-13 00:00:00', 3),
       (11.8, '2024-12-13 08:00:00', 3),
       (16.4, '2024-12-13 16:00:00', 3),
       (11.3, '2024-12-14 00:00:00', 3),
       (18.1, '2024-12-14 08:00:00', 3),
       (15.4, '2024-12-14 16:00:00', 3),
       (19.9, '2024-12-15 00:00:00', 3),
       (11.9, '2024-12-15 08:00:00', 3),
       (17.4, '2024-12-15 16:00:00', 3),
       (16.5, '2024-12-16 00:00:00', 3),
       (15.7, '2024-12-16 08:00:00', 3),
       (11.1, '2024-12-16 16:00:00', 3),
       (16.4, '2024-12-17 00:00:00', 3),
       (16.6, '2024-12-17 08:00:00', 3),
       (11.4, '2024-12-17 16:00:00', 3),
       (12.3, '2024-12-18 00:00:00', 3),
       (13.5, '2024-12-18 08:00:00', 3),
       (12.2, '2024-12-18 16:00:00', 3),
       (11.7, '2024-12-19 00:00:00', 3),
       (15.8, '2024-12-19 08:00:00', 3),
       (16.1, '2024-12-19 16:00:00', 3),
       (17.4, '2024-12-20 00:00:00', 3),
       (13.2, '2024-12-20 08:00:00', 3),
       (17.9, '2024-12-20 16:00:00', 3),
       (14.9, '2024-12-21 00:00:00', 3),
       (18.6, '2024-12-21 08:00:00', 3),
       (18.9, '2024-12-21 16:00:00', 3),
       (12.8, '2024-12-22 00:00:00', 3),
       (19.0, '2024-12-22 08:00:00', 3),
       (13.8, '2024-12-22 16:00:00', 3),
       (20.0, '2024-12-23 00:00:00', 3),
       (17.7, '2024-12-23 08:00:00', 3),
       (13.6, '2024-12-23 16:00:00', 3),
       (16.9, '2024-12-24 00:00:00', 3),
       (14.1, '2024-12-24 08:00:00', 3),
       (14.6, '2024-12-24 16:00:00', 3),
       (17.6, '2024-12-25 00:00:00', 3),
       (15.5, '2024-12-25 08:00:00', 3),
       (10.8, '2024-12-25 16:00:00', 3),
       (18.3, '2024-12-26 00:00:00', 3),
       (18.1, '2024-12-26 08:00:00', 3),
       (15.1, '2024-12-26 16:00:00', 3),
       (17.7, '2024-12-27 00:00:00', 3),
       (12.1, '2024-12-27 08:00:00', 3),
       (11.0, '2024-12-27 16:00:00', 3),
       (15.9, '2024-12-28 00:00:00', 3),
       (19.2, '2024-12-28 08:00:00', 3),
       (19.4, '2024-12-28 16:00:00', 3),
       (11.5, '2024-12-29 00:00:00', 3),
       (10.1, '2024-12-29 08:00:00', 3),
       (12.2, '2024-12-29 16:00:00', 3),
       (18.6, '2024-12-30 00:00:00', 3),
       (10.7, '2024-12-30 08:00:00', 3),
       (12.1, '2024-12-30 16:00:00', 3),
       (18.9, '2024-12-31 00:00:00', 3),


       (18.3, '2024-11-01 00:00:00', 4),
       (15.8, '2024-11-01 08:00:00', 4),
       (16.3, '2024-11-01 16:00:00', 4),
       (20.7, '2024-11-02 00:00:00', 4),
       (18.6, '2024-11-02 08:00:00', 4),
       (17.5, '2024-11-02 16:00:00', 4),
       (22.1, '2024-11-03 00:00:00', 4),
       (23.8, '2024-11-03 08:00:00', 4),
       (23.4, '2024-11-03 16:00:00', 4),
       (23.8, '2024-11-04 00:00:00', 4),
       (16.3, '2024-11-04 08:00:00', 4),
       (16.5, '2024-11-04 16:00:00', 4),
       (21.4, '2024-11-05 00:00:00', 4),
       (15.7, '2024-11-05 08:00:00', 4),
       (17.0, '2024-11-05 16:00:00', 4),
       (24.1, '2024-11-06 00:00:00', 4),
       (15.7, '2024-11-06 08:00:00', 4),
       (18.1, '2024-11-06 16:00:00', 4),
       (23.2, '2024-11-07 00:00:00', 4),
       (16.0, '2024-11-07 08:00:00', 4),
       (16.8, '2024-11-07 16:00:00', 4),
       (16.5, '2024-11-08 00:00:00', 4),
       (17.5, '2024-11-08 08:00:00', 4),
       (20.1, '2024-11-08 16:00:00', 4),
       (17.8, '2024-11-09 00:00:00', 4),
       (18.9, '2024-11-09 08:00:00', 4),
       (22.8, '2024-11-09 16:00:00', 4),
       (20.9, '2024-11-10 00:00:00', 4),
       (24.8, '2024-11-10 08:00:00', 4),
       (15.4, '2024-11-10 16:00:00', 4),
       (19.4, '2024-11-11 00:00:00', 4),
       (20.6, '2024-11-11 08:00:00', 4),
       (16.4, '2024-11-11 16:00:00', 4),
       (21.8, '2024-11-12 00:00:00', 4),
       (22.9, '2024-11-12 08:00:00', 4),
       (16.1, '2024-11-12 16:00:00', 4),
       (15.6, '2024-11-13 00:00:00', 4),
       (21.4, '2024-11-13 08:00:00', 4),
       (24.5, '2024-11-13 16:00:00', 4),
       (19.6, '2024-11-14 00:00:00', 4),
       (24.4, '2024-11-14 08:00:00', 4),
       (19.5, '2024-11-14 16:00:00', 4),
       (16.4, '2024-11-15 00:00:00', 4),
       (15.5, '2024-11-15 08:00:00', 4),
       (17.9, '2024-11-15 16:00:00', 4),
       (21.0, '2024-11-16 00:00:00', 4),
       (21.0, '2024-11-16 08:00:00', 4),
       (23.7, '2024-11-16 16:00:00', 4),
       (21.6, '2024-11-17 00:00:00', 4),
       (18.5, '2024-11-17 08:00:00', 4),
       (23.0, '2024-11-17 16:00:00', 4),
       (22.9, '2024-11-18 00:00:00', 4),
       (16.1, '2024-11-18 08:00:00', 4),
       (15.8, '2024-11-18 16:00:00', 4),
       (15.1, '2024-11-19 00:00:00', 4),
       (24.3, '2024-11-19 08:00:00', 4),
       (23.3, '2024-11-19 16:00:00', 4),
       (18.3, '2024-11-20 00:00:00', 4),
       (15.8, '2024-11-20 08:00:00', 4),
       (18.0, '2024-11-20 16:00:00', 4),
       (21.8, '2024-11-21 00:00:00', 4),
       (15.6, '2024-11-21 08:00:00', 4),
       (20.6, '2024-11-21 16:00:00', 4),
       (20.2, '2024-11-22 00:00:00', 4),
       (17.7, '2024-11-22 08:00:00', 4),
       (16.8, '2024-11-22 16:00:00', 4),
       (17.2, '2024-11-23 00:00:00', 4),
       (19.1, '2024-11-23 08:00:00', 4),
       (21.0, '2024-11-23 16:00:00', 4),
       (15.7, '2024-11-24 00:00:00', 4),
       (22.5, '2024-11-24 08:00:00', 4),
       (24.0, '2024-11-24 16:00:00', 4),
       (24.0, '2024-11-25 00:00:00', 4),
       (17.8, '2024-11-25 08:00:00', 4),
       (22.2, '2024-11-25 16:00:00', 4),
       (24.9, '2024-11-26 00:00:00', 4),
       (22.1, '2024-11-26 08:00:00', 4),
       (21.1, '2024-11-26 16:00:00', 4),
       (16.6, '2024-11-27 00:00:00', 4),
       (18.4, '2024-11-27 08:00:00', 4),
       (17.5, '2024-11-27 16:00:00', 4),
       (21.0, '2024-11-28 00:00:00', 4),
       (18.4, '2024-11-28 08:00:00', 4),
       (18.7, '2024-11-28 16:00:00', 4),
       (21.4, '2024-11-29 00:00:00', 4),
       (17.8, '2024-11-29 08:00:00', 4),
       (22.9, '2024-11-29 16:00:00', 4),
       (15.1, '2024-11-30 00:00:00', 4),
       (24.6, '2024-11-30 08:00:00', 4),
       (21.0, '2024-11-30 16:00:00', 4),
       (24.7, '2024-12-01 00:00:00', 4),
       (21.7, '2024-12-01 08:00:00', 4),
       (23.6, '2024-12-01 16:00:00', 4),
       (21.4, '2024-12-02 00:00:00', 4),
       (19.7, '2024-12-02 08:00:00', 4),
       (19.1, '2024-12-02 16:00:00', 4),
       (20.8, '2024-12-03 00:00:00', 4),
       (21.1, '2024-12-03 08:00:00', 4),
       (20.8, '2024-12-03 16:00:00', 4),
       (16.7, '2024-12-04 00:00:00', 4),
       (19.7, '2024-12-04 08:00:00', 4),
       (20.2, '2024-12-04 16:00:00', 4),
       (15.8, '2024-12-05 00:00:00', 4),
       (17.1, '2024-12-05 08:00:00', 4),
       (15.5, '2024-12-05 16:00:00', 4),
       (23.1, '2024-12-06 00:00:00', 4),
       (22.4, '2024-12-06 08:00:00', 4),
       (15.6, '2024-12-06 16:00:00', 4),
       (19.3, '2024-12-07 00:00:00', 4),
       (17.1, '2024-12-07 08:00:00', 4),
       (22.8, '2024-12-07 16:00:00', 4),
       (22.7, '2024-12-08 00:00:00', 4),
       (16.0, '2024-12-08 08:00:00', 4),
       (18.4, '2024-12-08 16:00:00', 4),
       (21.3, '2024-12-09 00:00:00', 4),
       (22.3, '2024-12-09 08:00:00', 4),
       (23.2, '2024-12-09 16:00:00', 4),
       (23.7, '2024-12-10 00:00:00', 4),
       (17.3, '2024-12-10 08:00:00', 4),
       (15.5, '2024-12-10 16:00:00', 4),
       (18.8, '2024-12-11 00:00:00', 4),
       (19.7, '2024-12-11 08:00:00', 4),
       (18.8, '2024-12-11 16:00:00', 4),
       (17.7, '2024-12-12 00:00:00', 4),
       (19.5, '2024-12-12 08:00:00', 4),
       (19.7, '2024-12-12 16:00:00', 4),
       (24.4, '2024-12-13 00:00:00', 4),
       (21.1, '2024-12-13 08:00:00', 4),
       (23.9, '2024-12-13 16:00:00', 4),
       (21.2, '2024-12-14 00:00:00', 4),
       (21.9, '2024-12-14 08:00:00', 4),
       (21.4, '2024-12-14 16:00:00', 4),
       (23.9, '2024-12-15 00:00:00', 4),
       (15.2, '2024-12-15 08:00:00', 4),
       (21.8, '2024-12-15 16:00:00', 4),
       (18.3, '2024-12-16 00:00:00', 4),
       (24.7, '2024-12-16 08:00:00', 4),
       (15.3, '2024-12-16 16:00:00', 4),
       (16.9, '2024-12-17 00:00:00', 4),
       (22.8, '2024-12-17 08:00:00', 4),
       (23.4, '2024-12-17 16:00:00', 4),
       (21.0, '2024-12-18 00:00:00', 4),
       (16.4, '2024-12-18 08:00:00', 4),
       (15.3, '2024-12-18 16:00:00', 4),
       (22.2, '2024-12-19 00:00:00', 4),
       (19.2, '2024-12-19 08:00:00', 4),
       (15.6, '2024-12-19 16:00:00', 4),
       (24.7, '2024-12-20 00:00:00', 4),
       (23.6, '2024-12-20 08:00:00', 4),
       (20.0, '2024-12-20 16:00:00', 4),
       (17.6, '2024-12-21 00:00:00', 4),
       (21.9, '2024-12-21 08:00:00', 4),
       (22.3, '2024-12-21 16:00:00', 4),
       (15.4, '2024-12-22 00:00:00', 4),
       (24.7, '2024-12-22 08:00:00', 4),
       (17.9, '2024-12-22 16:00:00', 4),
       (18.6, '2024-12-23 00:00:00', 4),
       (16.0, '2024-12-23 08:00:00', 4),
       (18.1, '2024-12-23 16:00:00', 4),
       (20.1, '2024-12-24 00:00:00', 4),
       (15.7, '2024-12-24 08:00:00', 4),
       (21.1, '2024-12-24 16:00:00', 4),
       (18.0, '2024-12-25 00:00:00', 4),
       (23.3, '2024-12-25 08:00:00', 4),
       (20.7, '2024-12-25 16:00:00', 4),
       (20.4, '2024-12-26 00:00:00', 4),
       (20.0, '2024-12-26 08:00:00', 4),
       (20.1, '2024-12-26 16:00:00', 4),
       (15.5, '2024-12-27 00:00:00', 4),
       (23.7, '2024-12-27 08:00:00', 4),
       (19.7, '2024-12-27 16:00:00', 4),
       (23.0, '2024-12-28 00:00:00', 4),
       (18.1, '2024-12-28 08:00:00', 4),
       (21.0, '2024-12-28 16:00:00', 4),
       (15.8, '2024-12-29 00:00:00', 4),
       (19.3, '2024-12-29 08:00:00', 4),
       (24.3, '2024-12-29 16:00:00', 4),
       (20.2, '2024-12-30 00:00:00', 4),
       (24.8, '2024-12-30 08:00:00', 4),
       (16.9, '2024-12-30 16:00:00', 4),
       (16.2, '2024-12-31 00:00:00', 4),
       
       (20.5, '2024-12-01 00:00:00', 5),
       (22.1, '2024-12-01 08:00:00', 5),
       (19.3, '2024-12-01 16:00:00', 5),
       (21.7, '2024-12-02 00:00:00', 5),
       (23.0, '2024-12-02 08:00:00', 5),
       (20.2, '2024-12-02 16:00:00', 5),
       (19.8, '2024-12-03 00:00:00', 5),
       (21.4, '2024-12-03 08:00:00', 5),
       (22.7, '2024-12-03 16:00:00', 5),
       (23.3, '2024-12-04 00:00:00', 5),
       (19.1, '2024-12-04 08:00:00', 5),
       (20.9, '2024-12-04 16:00:00', 5),
       (21.0, '2024-12-05 00:00:00', 5),
       (20.5, '2024-12-05 08:00:00', 5),
       (23.5, '2024-12-05 16:00:00', 5),
       (22.0, '2024-12-06 00:00:00', 5),
       (21.2, '2024-12-06 08:00:00', 5),
       (20.8, '2024-12-06 16:00:00', 5),
       (22.5, '2024-12-07 00:00:00', 5),
       (23.8, '2024-12-07 08:00:00', 5),
       (19.7, '2024-12-07 16:00:00', 5),
       (21.9, '2024-12-08 00:00:00', 5),
       (20.6, '2024-12-08 08:00:00', 5),
       (19.4, '2024-12-08 16:00:00', 5),
       (20.8, '2024-12-09 00:00:00', 5),
       (22.3, '2024-12-09 08:00:00', 5),
       (23.1, '2024-12-09 16:00:00', 5),
       (19.9, '2024-12-10 00:00:00', 5),
       (20.7, '2024-12-10 08:00:00', 5),
       (22.2, '2024-12-10 16:00:00', 5),
       (21.3, '2024-12-11 00:00:00', 5),
       (22.0, '2024-12-11 08:00:00', 5),
       (23.8, '2024-12-11 16:00:00', 5),
       (20.5, '2024-12-12 00:00:00', 5),
       (21.7, '2024-12-12 08:00:00', 5),
       (19.4, '2024-12-12 16:00:00', 5),
       (22.9, '2024-12-13 00:00:00', 5),
       (23.4, '2024-12-13 08:00:00', 5),
       (20.1, '2024-12-13 16:00:00', 5),
       (19.7, '2024-12-14 00:00:00', 5),
       (22.5, '2024-12-14 08:00:00', 5),
       (21.6, '2024-12-14 16:00:00', 5),
       (20.0, '2024-12-15 00:00:00', 5),
       (21.2, '2024-12-15 08:00:00', 5),
       (23.0, '2024-12-15 16:00:00', 5);


